-- MySQL dump 10.17  Distrib 10.3.18-MariaDB, for debian-linux-gnu (x86_64)
--
-- Host: localhost    Database: jimmy_forum
-- ------------------------------------------------------
-- Server version	10.3.18-MariaDB-1:10.3.18+maria~stretch

/*!40101 SET @OLD_CHARACTER_SET_CLIENT=@@CHARACTER_SET_CLIENT */;
/*!40101 SET @OLD_CHARACTER_SET_RESULTS=@@CHARACTER_SET_RESULTS */;
/*!40101 SET @OLD_COLLATION_CONNECTION=@@COLLATION_CONNECTION */;
/*!40101 SET NAMES utf8mb4 */;
/*!40103 SET @OLD_TIME_ZONE=@@TIME_ZONE */;
/*!40103 SET TIME_ZONE='+00:00' */;
/*!40014 SET @OLD_UNIQUE_CHECKS=@@UNIQUE_CHECKS, UNIQUE_CHECKS=0 */;
/*!40014 SET @OLD_FOREIGN_KEY_CHECKS=@@FOREIGN_KEY_CHECKS, FOREIGN_KEY_CHECKS=0 */;
/*!40101 SET @OLD_SQL_MODE=@@SQL_MODE, SQL_MODE='NO_AUTO_VALUE_ON_ZERO' */;
/*!40111 SET @OLD_SQL_NOTES=@@SQL_NOTES, SQL_NOTES=0 */;

--
-- Current Database: `jimmy_forum`
--

CREATE DATABASE /*!32312 IF NOT EXISTS*/ `jimmy_forum` /*!40100 DEFAULT CHARACTER SET utf8mb4 */;

USE `jimmy_forum`;

--
-- Table structure for table `activity`
--

DROP TABLE IF EXISTS `activity`;
/*!40101 SET @saved_cs_client     = @@character_set_client */;
/*!40101 SET character_set_client = utf8 */;
CREATE TABLE `activity` (
  `id` int(11) NOT NULL AUTO_INCREMENT,
  `user_id` int(11) DEFAULT NULL,
  `date` datetime NOT NULL,
  `univers_id` int(11) DEFAULT NULL,
  `theme_id` int(11) DEFAULT NULL,
  PRIMARY KEY (`id`),
  KEY `IDX_AC74095AA76ED395` (`user_id`),
  KEY `IDX_AC74095A1CF61C0B` (`univers_id`),
  KEY `IDX_AC74095A59027487` (`theme_id`),
  CONSTRAINT `FK_AC74095A1CF61C0B` FOREIGN KEY (`univers_id`) REFERENCES `univers` (`id`),
  CONSTRAINT `FK_AC74095A59027487` FOREIGN KEY (`theme_id`) REFERENCES `theme` (`id`),
  CONSTRAINT `FK_AC74095AA76ED395` FOREIGN KEY (`user_id`) REFERENCES `user` (`id`)
) ENGINE=InnoDB AUTO_INCREMENT=552 DEFAULT CHARSET=utf8 COLLATE=utf8_unicode_ci;
/*!40101 SET character_set_client = @saved_cs_client */;

--
-- Dumping data for table `activity`
--

LOCK TABLES `activity` WRITE;
/*!40000 ALTER TABLE `activity` DISABLE KEYS */;
INSERT INTO `activity` VALUES (14,4,'2020-02-04 20:42:23',5,7),(15,4,'2020-02-04 20:43:59',5,7),(16,4,'2020-02-04 20:44:04',5,7),(18,4,'2020-02-04 20:44:36',5,7),(19,4,'2020-02-04 20:44:40',6,11),(20,4,'2020-02-04 21:37:52',6,11),(21,4,'2020-02-04 22:04:51',13,28),(22,4,'2020-02-04 22:05:16',13,28),(23,4,'2020-02-04 22:05:48',14,31),(24,4,'2020-02-04 22:06:04',14,30),(25,4,'2020-02-05 05:27:10',14,30),(26,4,'2020-02-05 05:27:19',14,30),(27,4,'2020-02-05 05:28:49',13,28),(28,4,'2020-02-05 22:14:50',5,7),(29,4,'2020-02-05 22:16:29',5,7),(30,4,'2020-02-05 22:16:37',5,7),(31,4,'2020-02-05 22:16:49',5,7),(32,4,'2020-02-05 22:17:10',5,7),(33,4,'2020-02-05 22:17:18',5,7),(34,4,'2020-02-05 22:17:26',5,7),(35,4,'2020-02-05 22:17:37',5,7),(36,4,'2020-02-05 22:18:02',5,7),(37,4,'2020-02-05 22:19:53',5,7),(38,4,'2020-02-05 22:21:43',5,7),(39,4,'2020-02-05 22:22:16',5,7),(40,4,'2020-02-05 22:24:58',5,7),(41,4,'2020-02-05 22:25:30',5,7),(42,4,'2020-02-05 22:26:14',5,7),(43,4,'2020-02-05 22:26:17',5,7),(44,4,'2020-02-06 00:39:01',5,7),(45,4,'2020-02-06 00:39:52',5,7),(46,4,'2020-02-06 00:40:26',5,7),(47,4,'2020-02-06 00:46:02',5,7),(48,4,'2020-02-06 00:46:40',5,7),(49,4,'2020-02-06 00:48:57',5,7),(50,4,'2020-02-06 00:49:44',5,7),(51,4,'2020-02-06 00:52:47',5,7),(52,4,'2020-02-06 00:57:31',5,7),(53,4,'2020-02-06 00:59:17',5,7),(54,4,'2020-02-06 10:46:43',5,7),(55,4,'2020-02-06 10:47:47',5,7),(56,4,'2020-02-06 10:48:30',5,7),(57,4,'2020-02-06 10:50:14',5,7),(58,4,'2020-02-06 11:05:16',5,7),(59,4,'2020-02-06 11:06:16',5,7),(60,4,'2020-02-06 11:23:35',5,7),(61,4,'2020-02-06 11:23:39',5,7),(62,4,'2020-02-06 11:24:02',5,7),(63,4,'2020-02-06 11:24:32',5,7),(64,4,'2020-02-06 11:25:00',5,7),(65,4,'2020-02-06 11:25:12',5,7),(66,4,'2020-02-06 11:25:51',5,7),(67,4,'2020-02-06 11:26:14',5,7),(68,4,'2020-02-06 11:28:03',5,7),(69,4,'2020-02-06 11:28:52',5,7),(70,4,'2020-02-06 11:30:57',5,7),(71,4,'2020-02-06 22:19:45',5,7),(72,4,'2020-02-06 22:22:29',5,7),(73,4,'2020-02-06 22:24:35',5,7),(74,4,'2020-02-06 22:27:02',5,7),(75,4,'2020-02-10 01:45:27',5,7),(76,4,'2020-02-10 01:45:46',5,7),(77,4,'2020-02-10 01:46:15',5,7),(78,4,'2020-02-10 10:03:38',5,7),(79,4,'2020-02-10 10:44:21',5,7),(80,4,'2020-02-10 10:46:18',5,7),(81,4,'2020-02-10 11:08:18',5,7),(82,4,'2020-02-10 11:13:00',5,7),(83,4,'2020-02-11 09:43:23',5,7),(84,4,'2020-02-11 15:23:47',14,30),(85,4,'2020-02-12 13:35:01',5,7),(86,4,'2020-02-15 02:33:24',5,7),(87,4,'2020-02-15 16:18:53',5,7),(88,4,'2020-02-15 22:25:49',5,7),(89,4,'2020-02-15 22:28:20',5,7),(90,4,'2020-02-16 13:51:09',5,7),(91,4,'2020-02-16 13:51:55',5,7),(92,4,'2020-02-16 15:41:53',5,7),(93,4,'2020-02-16 15:43:30',5,7),(94,4,'2020-02-16 15:44:52',5,7),(95,4,'2020-02-16 15:46:16',5,7),(96,4,'2020-02-16 15:46:35',5,7),(97,4,'2020-02-16 15:47:27',5,7),(98,4,'2020-02-16 15:48:06',5,7),(99,4,'2020-02-16 15:48:26',5,7),(100,4,'2020-02-16 15:48:37',5,7),(101,4,'2020-02-16 15:48:51',5,7),(102,4,'2020-02-16 15:49:56',5,7),(103,4,'2020-02-16 15:50:05',5,7),(104,4,'2020-02-16 15:50:38',5,7),(105,4,'2020-02-16 15:50:46',5,7),(106,4,'2020-02-16 15:54:00',5,7),(107,4,'2020-02-16 15:54:05',5,7),(108,4,'2020-02-16 15:56:01',5,7),(109,4,'2020-02-16 15:56:07',5,7),(110,4,'2020-02-16 15:56:34',5,7),(111,4,'2020-02-16 15:56:44',5,7),(112,4,'2020-02-16 15:56:57',5,7),(113,4,'2020-02-16 15:57:55',5,7),(114,4,'2020-02-16 15:58:47',5,7),(115,4,'2020-02-16 16:01:51',5,7),(116,4,'2020-02-16 16:02:02',5,7),(117,4,'2020-02-16 16:02:30',5,7),(118,4,'2020-02-16 16:03:47',5,7),(119,4,'2020-02-16 16:04:14',5,7),(120,4,'2020-02-16 16:06:08',5,7),(121,4,'2020-02-16 16:06:39',5,7),(122,4,'2020-02-16 16:09:03',5,7),(123,4,'2020-02-16 16:09:31',5,7),(124,4,'2020-02-16 16:09:47',5,7),(125,4,'2020-02-16 16:10:37',5,7),(126,4,'2020-02-16 16:10:44',5,7),(127,4,'2020-02-16 16:11:06',5,7),(128,4,'2020-02-16 16:12:56',5,7),(129,4,'2020-02-16 16:14:40',5,7),(130,4,'2020-02-16 16:15:16',5,7),(131,4,'2020-02-16 16:15:59',5,7),(132,4,'2020-02-16 16:16:13',5,7),(133,4,'2020-02-16 16:16:43',5,7),(134,4,'2020-02-16 16:17:16',5,7),(135,4,'2020-02-16 16:18:29',5,7),(136,4,'2020-02-16 16:19:44',5,7),(137,4,'2020-02-16 16:24:54',5,7),(138,4,'2020-02-16 16:25:53',5,7),(139,4,'2020-02-16 16:26:30',5,7),(140,4,'2020-02-16 16:27:01',5,7),(141,4,'2020-02-16 16:28:54',5,7),(142,4,'2020-02-16 16:29:40',5,7),(143,4,'2020-02-16 16:30:57',5,7),(144,4,'2020-02-16 16:31:52',5,7),(145,4,'2020-02-16 16:35:20',5,7),(146,4,'2020-02-16 16:35:59',5,7),(147,4,'2020-02-16 16:45:50',5,7),(148,4,'2020-02-16 16:47:22',5,7),(149,4,'2020-02-16 16:50:35',5,7),(150,4,'2020-02-16 16:57:16',5,7),(151,4,'2020-02-16 16:57:45',5,7),(152,4,'2020-02-16 16:58:04',5,7),(153,4,'2020-02-16 16:58:50',5,7),(154,4,'2020-02-16 16:59:30',5,7),(155,4,'2020-02-16 16:59:49',5,7),(156,4,'2020-02-16 17:00:23',5,7),(157,4,'2020-02-16 17:00:58',5,7),(158,4,'2020-02-16 17:03:01',5,7),(159,4,'2020-02-16 17:03:16',5,7),(160,4,'2020-02-16 17:05:05',5,7),(161,4,'2020-02-16 17:12:55',5,7),(162,4,'2020-02-16 17:27:20',5,7),(163,4,'2020-02-16 17:52:54',5,7),(164,4,'2020-02-16 23:28:29',5,7),(165,4,'2020-02-16 23:54:22',5,7),(166,4,'2020-02-16 23:55:20',5,7),(167,4,'2020-02-16 23:55:34',5,7),(168,4,'2020-02-16 23:55:45',5,7),(169,4,'2020-02-16 23:58:41',5,7),(170,4,'2020-02-16 23:58:47',5,7),(171,4,'2020-02-16 23:59:04',5,7),(172,4,'2020-02-16 23:59:10',5,7),(173,4,'2020-02-17 00:00:08',5,7),(174,4,'2020-02-17 00:00:13',5,7),(175,4,'2020-02-17 00:00:57',5,7),(176,4,'2020-02-17 00:01:36',5,7),(177,4,'2020-02-17 00:01:48',5,7),(178,4,'2020-02-17 00:01:55',5,7),(179,4,'2020-02-17 00:19:26',5,7),(180,4,'2020-02-17 00:21:06',5,7),(181,4,'2020-02-17 00:21:11',5,7),(182,4,'2020-02-17 00:21:28',5,7),(183,4,'2020-02-17 00:21:35',5,7),(184,4,'2020-02-17 00:22:33',5,7),(185,4,'2020-02-17 00:22:41',5,7),(186,4,'2020-02-17 00:22:56',5,7),(187,4,'2020-02-17 00:22:58',5,7),(188,4,'2020-02-17 00:23:14',5,7),(189,4,'2020-02-17 00:23:26',5,7),(190,4,'2020-02-17 00:24:05',5,7),(191,4,'2020-02-17 00:24:15',5,7),(192,4,'2020-02-17 00:24:24',5,7),(193,4,'2020-02-17 00:24:32',5,7),(194,4,'2020-02-17 00:24:41',5,7),(195,4,'2020-02-17 00:25:06',5,7),(196,4,'2020-02-17 00:25:27',5,7),(197,4,'2020-02-17 00:25:53',5,7),(198,4,'2020-02-17 00:26:32',5,7),(199,4,'2020-02-17 00:26:50',5,7),(200,4,'2020-02-17 00:27:05',5,7),(201,4,'2020-02-17 00:27:05',5,7),(202,4,'2020-02-17 00:27:15',5,7),(203,4,'2020-02-17 00:27:18',5,7),(204,4,'2020-02-17 00:28:10',5,7),(205,4,'2020-02-17 00:28:34',5,7),(206,4,'2020-02-17 00:29:27',5,7),(207,4,'2020-02-17 00:29:40',5,7),(208,4,'2020-02-17 00:30:39',5,7),(209,4,'2020-02-17 00:31:35',5,7),(210,4,'2020-02-17 00:31:58',5,7),(211,4,'2020-02-17 00:32:17',5,7),(212,4,'2020-02-17 00:32:32',5,7),(213,4,'2020-02-17 00:33:38',5,7),(214,4,'2020-02-17 00:34:30',5,7),(215,4,'2020-02-17 00:35:32',5,7),(216,4,'2020-02-17 00:35:41',5,7),(217,4,'2020-02-17 00:36:02',5,7),(218,4,'2020-02-17 00:36:16',5,7),(219,4,'2020-02-17 00:37:12',5,7),(220,4,'2020-02-17 00:37:17',5,7),(221,4,'2020-02-17 00:37:46',5,7),(222,4,'2020-02-17 00:38:19',5,7),(223,4,'2020-02-17 00:39:13',5,7),(224,4,'2020-02-17 00:39:18',5,7),(225,4,'2020-02-17 00:39:32',5,7),(226,4,'2020-02-17 00:39:44',5,7),(227,4,'2020-02-17 00:39:51',5,7),(228,4,'2020-02-17 00:40:17',5,7),(229,4,'2020-02-17 00:40:32',5,7),(230,4,'2020-02-17 00:40:45',5,7),(231,4,'2020-02-17 00:41:05',5,7),(232,4,'2020-02-17 00:42:43',5,7),(233,4,'2020-02-17 00:45:35',5,7),(234,4,'2020-02-17 00:48:05',5,7),(235,4,'2020-02-17 00:48:22',5,7),(236,4,'2020-02-17 00:48:38',5,7),(237,4,'2020-02-17 00:48:43',5,7),(238,4,'2020-02-17 00:48:53',5,7),(239,4,'2020-02-17 00:49:08',5,7),(240,4,'2020-02-17 00:49:36',5,7),(241,4,'2020-02-17 00:49:43',5,7),(242,4,'2020-02-17 00:49:56',5,7),(243,4,'2020-02-17 00:50:02',5,7),(244,4,'2020-02-17 00:51:13',5,7),(245,4,'2020-02-17 00:51:20',5,7),(246,4,'2020-02-17 00:51:43',5,7),(247,4,'2020-02-17 00:52:06',5,7),(248,4,'2020-02-17 00:52:15',5,7),(249,4,'2020-02-17 00:53:08',5,7),(250,4,'2020-02-17 00:53:42',5,7),(251,4,'2020-02-17 00:53:59',5,7),(252,4,'2020-02-17 00:54:16',5,7),(253,4,'2020-02-17 00:54:29',5,7),(254,4,'2020-02-17 00:55:02',5,7),(255,4,'2020-02-17 00:55:13',5,7),(256,4,'2020-02-17 00:55:52',5,7),(257,4,'2020-02-17 01:00:14',5,7),(258,4,'2020-02-17 01:00:22',5,7),(259,4,'2020-02-17 01:00:32',5,7),(260,4,'2020-02-17 01:00:49',5,7),(261,4,'2020-02-17 01:01:08',5,7),(262,4,'2020-02-17 01:01:24',5,7),(263,4,'2020-02-17 01:02:27',5,7),(264,4,'2020-02-17 01:02:37',5,7),(265,4,'2020-02-17 01:07:20',5,7),(266,4,'2020-02-17 01:11:14',5,7),(267,4,'2020-02-17 01:12:05',5,7),(268,4,'2020-02-17 01:12:17',5,7),(269,4,'2020-02-17 01:12:44',5,7),(270,4,'2020-02-17 01:14:00',5,7),(271,4,'2020-02-17 01:14:12',5,7),(272,4,'2020-02-17 01:15:02',5,7),(273,4,'2020-02-17 01:16:03',5,7),(274,4,'2020-02-17 01:16:07',5,7),(275,4,'2020-02-17 01:17:04',5,7),(276,4,'2020-02-17 01:17:09',5,7),(277,4,'2020-02-17 01:17:32',5,7),(278,4,'2020-02-17 08:31:34',5,7),(279,4,'2020-02-17 08:33:16',5,7),(280,4,'2020-02-18 08:39:19',5,7),(281,4,'2020-02-18 08:43:21',5,7),(282,4,'2020-02-18 08:44:00',5,7),(283,4,'2020-02-18 15:55:12',5,7),(284,4,'2020-02-18 16:08:28',5,7),(285,4,'2020-02-18 16:16:22',5,7),(286,4,'2020-02-18 16:17:12',5,7),(287,4,'2020-02-18 16:22:16',5,7),(288,4,'2020-02-18 16:22:42',5,7),(289,4,'2020-02-18 16:23:21',5,7),(290,4,'2020-02-18 16:25:24',5,7),(291,4,'2020-02-18 16:35:23',5,7),(292,4,'2020-02-18 16:36:37',5,7),(293,4,'2020-02-18 16:37:03',5,7),(294,4,'2020-02-18 16:37:41',5,7),(295,4,'2020-02-18 16:37:54',5,7),(296,4,'2020-02-18 16:38:37',5,7),(297,4,'2020-02-18 16:39:22',5,7),(298,4,'2020-02-18 16:40:06',5,7),(299,4,'2020-02-18 16:44:44',5,7),(300,4,'2020-02-18 16:45:33',5,7),(301,4,'2020-02-18 16:46:51',5,7),(302,4,'2020-02-18 16:47:19',5,7),(303,4,'2020-02-18 16:47:41',5,7),(304,4,'2020-02-18 16:49:57',5,7),(305,4,'2020-02-18 16:51:16',5,7),(306,4,'2020-02-18 16:52:29',5,7),(307,4,'2020-02-18 16:53:02',5,7),(308,4,'2020-02-18 16:54:00',5,7),(309,4,'2020-02-18 16:54:47',5,7),(310,4,'2020-02-18 16:54:56',5,7),(311,4,'2020-02-18 16:55:26',5,7),(312,4,'2020-02-18 17:42:30',5,7),(313,4,'2020-02-18 17:46:42',5,7),(314,4,'2020-02-18 17:46:55',5,7),(315,4,'2020-02-18 17:47:14',5,7),(316,4,'2020-02-18 17:47:16',5,7),(317,4,'2020-02-18 17:47:41',5,7),(318,4,'2020-02-18 17:48:25',5,7),(319,4,'2020-02-18 17:50:53',5,7),(320,4,'2020-02-18 17:52:43',5,7),(321,4,'2020-02-18 17:54:50',5,7),(322,4,'2020-02-18 17:55:07',5,7),(323,4,'2020-02-18 17:55:53',5,7),(324,4,'2020-02-18 17:56:23',5,7),(325,4,'2020-02-18 18:01:31',5,7),(326,4,'2020-02-18 18:01:54',5,7),(327,4,'2020-02-18 18:02:07',5,7),(328,4,'2020-02-18 18:04:38',5,7),(329,4,'2020-02-18 18:08:21',5,7),(330,4,'2020-02-18 18:08:59',5,7),(331,4,'2020-02-18 18:09:06',5,7),(332,4,'2020-02-18 18:10:40',5,7),(333,4,'2020-02-18 18:10:56',5,7),(334,4,'2020-02-18 18:12:55',5,7),(335,4,'2020-02-18 18:13:07',5,7),(336,4,'2020-02-18 18:14:12',5,7),(337,4,'2020-02-18 18:20:33',5,7),(338,4,'2020-02-18 18:21:27',5,7),(339,4,'2020-02-18 18:21:49',5,7),(340,4,'2020-02-18 18:22:10',5,7),(341,4,'2020-02-18 18:23:07',5,7),(342,4,'2020-02-18 18:23:39',5,7),(343,4,'2020-02-18 18:23:58',5,7),(344,4,'2020-02-18 18:26:18',5,7),(345,4,'2020-02-18 18:26:54',5,7),(346,4,'2020-02-18 18:27:54',5,7),(347,4,'2020-02-18 18:30:59',5,7),(348,4,'2020-02-18 18:32:31',5,7),(349,4,'2020-02-18 18:33:26',5,7),(350,4,'2020-02-18 18:34:04',5,7),(351,4,'2020-02-18 18:34:10',5,7),(352,4,'2020-02-18 18:35:09',5,7),(353,4,'2020-02-18 18:35:28',5,7),(354,4,'2020-02-18 18:36:48',5,7),(355,4,'2020-02-18 18:39:34',5,7),(356,4,'2020-02-18 18:40:08',5,7),(357,4,'2020-02-18 21:35:33',5,7),(358,4,'2020-02-18 21:48:20',5,7),(359,4,'2020-02-18 21:48:46',5,7),(360,4,'2020-02-18 21:49:15',5,7),(361,4,'2020-02-18 21:49:42',5,7),(362,4,'2020-02-18 21:50:45',5,7),(363,4,'2020-02-18 21:52:46',5,7),(364,4,'2020-02-19 00:15:48',5,7),(365,4,'2020-02-19 00:16:15',5,7),(366,4,'2020-02-19 00:16:36',5,7),(367,4,'2020-02-19 00:16:50',5,7),(368,4,'2020-02-19 00:17:06',5,7),(369,4,'2020-02-19 00:17:31',5,7),(370,4,'2020-02-19 00:17:47',5,7),(371,4,'2020-02-19 00:18:17',5,7),(372,4,'2020-02-19 00:18:28',5,7),(373,4,'2020-02-19 00:18:45',5,7),(374,4,'2020-02-19 00:19:01',5,7),(375,4,'2020-02-19 00:19:20',5,7),(376,4,'2020-02-19 00:40:08',5,7),(377,4,'2020-02-19 00:40:44',5,7),(378,4,'2020-02-19 00:40:57',5,7),(379,4,'2020-02-19 01:04:04',5,7),(380,4,'2020-02-19 01:04:49',5,7),(381,4,'2020-02-19 01:05:03',5,7),(382,4,'2020-02-19 01:05:12',5,7),(383,4,'2020-02-19 01:05:27',5,7),(384,4,'2020-02-19 01:05:44',5,7),(385,4,'2020-02-19 01:05:53',5,7),(386,4,'2020-02-19 01:06:01',5,7),(387,4,'2020-02-19 01:08:53',5,7),(388,4,'2020-02-19 01:10:22',5,7),(389,4,'2020-02-19 19:41:05',5,7),(390,4,'2020-02-19 19:44:59',5,7),(391,4,'2020-02-19 19:48:14',5,7),(392,4,'2020-02-19 20:00:18',5,7),(393,5,'2020-02-19 20:17:25',5,7),(394,5,'2020-02-19 20:18:23',5,7),(395,5,'2020-02-19 20:20:52',5,7),(396,4,'2020-02-23 02:36:42',5,7),(398,4,'2020-02-23 02:37:07',5,7),(399,4,'2020-02-23 02:37:57',5,7),(400,4,'2020-02-23 02:38:07',14,30),(401,4,'2020-02-23 02:52:10',14,30),(402,4,'2020-02-23 02:52:17',5,7),(403,4,'2020-02-23 02:52:23',5,7),(404,4,'2020-02-23 19:04:30',5,7),(405,4,'2020-02-23 20:04:28',5,7),(406,4,'2020-02-23 20:04:48',5,7),(407,4,'2020-02-23 20:05:30',5,7),(408,4,'2020-02-23 20:06:03',5,7),(409,4,'2020-02-23 20:06:46',5,7),(410,4,'2020-02-23 20:07:01',5,7),(411,4,'2020-02-23 20:07:32',5,7),(412,4,'2020-02-23 20:08:24',5,7),(413,4,'2020-02-23 20:14:56',5,7),(414,4,'2020-02-23 20:15:24',5,7),(415,4,'2020-02-23 21:57:44',5,7),(416,4,'2020-02-23 22:03:38',5,7),(417,4,'2020-02-23 22:07:02',5,7),(418,4,'2020-02-23 22:07:39',5,7),(419,4,'2020-02-23 22:08:12',5,7),(420,4,'2020-02-23 22:08:30',5,7),(421,4,'2020-02-23 22:09:33',5,7),(422,4,'2020-02-23 22:09:46',5,7),(423,4,'2020-02-23 22:16:54',5,7),(424,4,'2020-02-23 22:18:35',5,7),(425,4,'2020-02-23 22:23:54',5,7),(426,4,'2020-02-23 22:25:31',5,7),(427,4,'2020-02-23 22:25:41',5,7),(428,4,'2020-02-23 22:35:38',5,7),(429,4,'2020-02-23 22:37:59',5,7),(430,4,'2020-02-23 22:39:21',5,7),(431,4,'2020-02-24 08:33:08',5,7),(432,4,'2020-02-24 08:37:11',5,7),(433,4,'2020-02-24 08:37:21',5,7),(434,4,'2020-02-24 08:42:00',5,7),(435,4,'2020-02-24 08:42:19',5,7),(436,4,'2020-02-24 08:49:11',5,7),(437,4,'2020-02-24 08:49:47',5,7),(438,4,'2020-02-24 08:50:13',5,7),(439,4,'2020-02-24 08:51:00',5,7),(440,4,'2020-02-24 08:51:12',5,7),(441,4,'2020-02-24 08:51:23',5,7),(442,4,'2020-02-24 08:52:12',5,7),(443,4,'2020-02-24 08:52:28',5,7),(444,4,'2020-02-24 08:54:23',5,7),(445,4,'2020-02-24 08:54:49',5,7),(446,4,'2020-02-24 08:55:17',5,7),(447,4,'2020-02-24 08:57:02',5,7),(448,4,'2020-02-24 08:57:25',5,7),(449,4,'2020-02-24 08:57:37',5,7),(450,4,'2020-02-24 08:57:50',5,7),(451,4,'2020-02-24 08:58:06',5,7),(452,4,'2020-02-24 09:25:52',5,7),(453,4,'2020-02-24 09:25:57',5,7),(454,4,'2020-02-24 09:26:16',5,7),(455,4,'2020-02-24 09:26:18',5,7),(456,4,'2020-02-24 09:26:50',5,7),(457,4,'2020-02-24 09:26:56',5,7),(458,4,'2020-02-24 09:26:57',5,7),(459,4,'2020-02-24 09:28:10',5,7),(460,4,'2020-02-24 09:28:12',5,7),(461,4,'2020-02-24 09:28:50',5,7),(462,4,'2020-02-24 09:28:51',5,7),(463,4,'2020-02-24 09:31:00',5,7),(464,4,'2020-02-24 09:31:04',5,7),(465,4,'2020-02-24 09:31:12',5,7),(466,4,'2020-02-24 09:31:14',5,7),(467,4,'2020-02-24 09:31:27',5,7),(468,4,'2020-02-24 09:31:29',5,7),(469,4,'2020-02-24 13:33:03',5,7),(470,4,'2020-02-24 13:44:50',5,7),(471,4,'2020-02-24 13:45:26',5,7),(472,4,'2020-02-24 13:48:48',5,7),(473,4,'2020-02-24 13:49:18',5,7),(474,4,'2020-02-24 13:49:50',5,7),(475,4,'2020-02-24 13:50:39',5,7),(476,4,'2020-02-24 13:53:02',5,7),(477,4,'2020-02-24 13:53:11',5,7),(478,4,'2020-02-24 13:54:34',5,7),(479,4,'2020-02-24 13:55:11',5,7),(480,4,'2020-02-24 13:56:40',5,7),(481,4,'2020-02-24 15:01:00',5,7),(482,4,'2020-02-24 15:02:33',5,7),(483,4,'2020-02-24 15:03:25',5,7),(484,4,'2020-02-24 15:04:30',5,7),(485,4,'2020-02-24 15:07:22',5,7),(486,4,'2020-02-24 15:07:23',5,7),(487,4,'2020-02-24 15:10:25',5,7),(488,4,'2020-02-24 15:12:47',5,7),(489,4,'2020-02-24 15:13:46',5,7),(490,4,'2020-02-24 15:44:09',5,7),(491,4,'2020-02-24 15:46:27',5,7),(492,4,'2020-02-24 15:48:21',5,7),(493,4,'2020-02-24 15:50:58',5,7),(494,4,'2020-02-24 15:51:01',5,7),(495,4,'2020-02-24 15:51:47',5,7),(496,4,'2020-02-24 15:52:04',5,7),(497,4,'2020-02-24 15:52:48',5,7),(498,4,'2020-02-24 16:35:08',5,7),(499,4,'2020-02-24 16:35:43',5,7),(500,4,'2020-02-24 16:49:40',5,7),(501,4,'2020-02-24 16:58:58',5,7),(502,4,'2020-02-24 17:02:03',5,7),(503,4,'2020-02-24 17:03:18',5,7),(504,4,'2020-02-24 17:03:52',5,7),(505,4,'2020-02-24 17:04:06',5,7),(506,4,'2020-02-24 17:04:20',5,7),(507,4,'2020-02-24 17:09:25',5,7),(508,4,'2020-02-24 17:12:19',5,7),(509,4,'2020-02-24 17:14:20',5,7),(510,4,'2020-02-24 17:16:47',5,7),(511,4,'2020-02-24 17:17:21',5,7),(512,4,'2020-02-24 17:19:13',5,7),(513,4,'2020-02-24 17:19:30',5,7),(514,4,'2020-02-24 17:20:18',5,7),(515,4,'2020-02-24 17:20:37',5,7),(516,4,'2020-02-24 17:21:01',5,7),(517,4,'2020-02-24 18:33:46',5,7),(518,4,'2020-02-24 18:34:06',5,7),(519,4,'2020-02-24 18:34:24',5,7),(520,4,'2020-02-24 19:01:26',5,7),(521,4,'2020-02-24 19:04:39',5,7),(522,4,'2020-02-24 19:06:06',5,7),(523,4,'2020-02-24 19:07:27',5,7),(524,4,'2020-02-24 19:12:06',5,7),(525,4,'2020-02-25 11:33:34',5,7),(526,4,'2020-02-25 11:34:55',5,7),(527,4,'2020-02-25 11:37:26',5,7),(528,4,'2020-02-25 11:38:15',5,7),(529,4,'2020-02-25 16:09:56',5,7),(530,4,'2020-02-25 20:05:20',5,7),(531,4,'2020-02-26 12:05:56',5,7),(532,4,'2020-02-27 08:04:15',5,7),(533,4,'2020-02-28 00:19:39',5,7),(534,4,'2020-02-28 22:59:14',5,7),(535,4,'2020-02-29 15:59:15',5,7),(536,4,'2020-03-01 17:59:18',5,7),(537,6,'2020-03-01 18:07:42',5,7),(538,6,'2020-03-01 18:11:13',5,7),(539,4,'2020-03-01 18:13:48',5,7),(540,4,'2020-03-01 18:27:06',5,7),(541,4,'2020-03-07 22:43:07',6,13),(542,6,'2020-03-07 22:55:06',6,11),(543,6,'2020-03-08 19:26:51',5,7),(544,6,'2020-03-08 19:39:48',5,7),(545,6,'2020-03-08 20:07:07',5,7),(546,4,'2020-03-09 00:34:46',6,13),(547,4,'2020-03-09 10:40:49',5,6),(548,7,'2020-03-09 12:04:09',5,6),(549,4,'2020-03-09 12:07:08',5,6),(550,6,'2020-03-09 14:47:54',5,6),(551,6,'2020-03-09 14:48:30',5,6);
/*!40000 ALTER TABLE `activity` ENABLE KEYS */;
UNLOCK TABLES;

--
-- Table structure for table `backup`
--

DROP TABLE IF EXISTS `backup`;
/*!40101 SET @saved_cs_client     = @@character_set_client */;
/*!40101 SET character_set_client = utf8 */;
CREATE TABLE `backup` (
  `id` int(11) NOT NULL AUTO_INCREMENT,
  `libelle` varchar(255) COLLATE utf8_unicode_ci NOT NULL,
  `date` datetime NOT NULL,
  PRIMARY KEY (`id`),
  UNIQUE KEY `UNIQ_3FF0D1ACA4D60759` (`libelle`)
) ENGINE=InnoDB AUTO_INCREMENT=129 DEFAULT CHARSET=utf8 COLLATE=utf8_unicode_ci;
/*!40101 SET character_set_client = @saved_cs_client */;

--
-- Dumping data for table `backup`
--

LOCK TABLES `backup` WRITE;
/*!40000 ALTER TABLE `backup` DISABLE KEYS */;
INSERT INTO `backup` VALUES (126,'backup_11-03-2020_1583961418.sql','2020-03-11 22:16:58'),(127,'backup_11-03-2020_1583961421.sql','2020-03-11 22:17:01'),(128,'backup_11-03-2020_1583961441.sql','2020-03-11 22:17:21');
/*!40000 ALTER TABLE `backup` ENABLE KEYS */;
UNLOCK TABLES;

--
-- Table structure for table `picture`
--

DROP TABLE IF EXISTS `picture`;
/*!40101 SET @saved_cs_client     = @@character_set_client */;
/*!40101 SET character_set_client = utf8 */;
CREATE TABLE `picture` (
  `id` int(11) NOT NULL AUTO_INCREMENT,
  `pictureName` varchar(255) COLLATE utf8_unicode_ci NOT NULL,
  `pictureExtension` varchar(255) COLLATE utf8_unicode_ci NOT NULL,
  `post_id` int(11) DEFAULT NULL,
  PRIMARY KEY (`id`),
  KEY `IDX_16DB4F894B89032C` (`post_id`),
  CONSTRAINT `FK_16DB4F894B89032C` FOREIGN KEY (`post_id`) REFERENCES `post` (`id`)
) ENGINE=InnoDB AUTO_INCREMENT=106 DEFAULT CHARSET=utf8 COLLATE=utf8_unicode_ci;
/*!40101 SET character_set_client = @saved_cs_client */;

--
-- Dumping data for table `picture`
--

LOCK TABLES `picture` WRITE;
/*!40000 ALTER TABLE `picture` DISABLE KEYS */;
INSERT INTO `picture` VALUES (93,'3d_planete','.40116.jpg',940),(95,'suivi','.png',973),(98,'Image 8','.jpg',951),(100,'Image 1','.jpg',1003),(101,'Image 8','.jpg',1003),(102,'Image 1','.jpg',1007),(103,'Image 8','.jpg',1009),(104,'300','.jpg',1017),(105,'300','.jpg',1019);
/*!40000 ALTER TABLE `picture` ENABLE KEYS */;
UNLOCK TABLES;

--
-- Table structure for table `pictureProfile`
--

DROP TABLE IF EXISTS `pictureProfile`;
/*!40101 SET @saved_cs_client     = @@character_set_client */;
/*!40101 SET character_set_client = utf8 */;
CREATE TABLE `pictureProfile` (
  `id` int(11) NOT NULL AUTO_INCREMENT,
  `pictureName` varchar(255) COLLATE utf8_unicode_ci DEFAULT NULL,
  `pictureExtension` varchar(255) COLLATE utf8_unicode_ci DEFAULT NULL,
  `user_id` int(11) DEFAULT NULL,
  PRIMARY KEY (`id`),
  UNIQUE KEY `UNIQ_263DC200A76ED395` (`user_id`),
  CONSTRAINT `FK_263DC200A76ED395` FOREIGN KEY (`user_id`) REFERENCES `user` (`id`)
) ENGINE=InnoDB AUTO_INCREMENT=52 DEFAULT CHARSET=utf8 COLLATE=utf8_unicode_ci;
/*!40101 SET character_set_client = @saved_cs_client */;

--
-- Dumping data for table `pictureProfile`
--

LOCK TABLES `pictureProfile` WRITE;
/*!40000 ALTER TABLE `pictureProfile` DISABLE KEYS */;
INSERT INTO `pictureProfile` VALUES (39,'Image 3','jpeg',6),(50,'Image 7','jpeg',4),(51,'images','jpeg',7);
/*!40000 ALTER TABLE `pictureProfile` ENABLE KEYS */;
UNLOCK TABLES;

--
-- Table structure for table `post`
--

DROP TABLE IF EXISTS `post`;
/*!40101 SET @saved_cs_client     = @@character_set_client */;
/*!40101 SET character_set_client = utf8 */;
CREATE TABLE `post` (
  `id` int(11) NOT NULL AUTO_INCREMENT,
  `sujet_id` int(11) DEFAULT NULL,
  `user_id` int(11) DEFAULT NULL,
  `commentaire` longtext COLLATE utf8_unicode_ci NOT NULL,
  `date` datetime NOT NULL,
  PRIMARY KEY (`id`),
  KEY `IDX_5A8A6C8D7C4D497E` (`sujet_id`),
  KEY `IDX_5A8A6C8DA76ED395` (`user_id`),
  CONSTRAINT `FK_5A8A6C8D7C4D497E` FOREIGN KEY (`sujet_id`) REFERENCES `sujet` (`id`),
  CONSTRAINT `FK_5A8A6C8DA76ED395` FOREIGN KEY (`user_id`) REFERENCES `user` (`id`)
) ENGINE=InnoDB AUTO_INCREMENT=1020 DEFAULT CHARSET=utf8 COLLATE=utf8_unicode_ci;
/*!40101 SET character_set_client = @saved_cs_client */;

--
-- Dumping data for table `post`
--

LOCK TABLES `post` WRITE;
/*!40000 ALTER TABLE `post` DISABLE KEYS */;
INSERT INTO `post` VALUES (940,71,4,'<p>Nouveau commentaire</p>','2020-02-19 19:41:54'),(941,71,5,'<p>hiiiiiiiiiiiiiiiiiii</p>','2020-02-19 20:18:33'),(943,78,4,'<p>test</p>','2020-02-23 02:37:09'),(944,78,4,'<p>test</p>','2020-02-23 02:37:13'),(945,78,4,'<p>test</p>','2020-02-23 02:37:16'),(949,71,4,'<p>test</p>','2020-02-25 16:10:17'),(950,71,4,'<p>test</p>','2020-02-27 08:04:23'),(951,71,4,'<p>test</p>','2020-02-27 08:04:30'),(952,71,4,'<p><span style=\"background-color: rgba(20, 25, 25, 0.4); color: rgb(102, 141, 163);\">test</span></p>','2020-02-27 08:04:35'),(953,71,4,'<p><span style=\"background-color: rgba(20, 25, 25, 0.4); color: rgb(102, 141, 163);\">test</span></p>','2020-02-27 08:04:37'),(954,71,4,'<p><span style=\"background-color: rgba(20, 25, 25, 0.4); color: rgb(102, 141, 163);\">test</span></p>','2020-02-27 08:04:40'),(955,71,4,'<p><span style=\"background-color: rgba(20, 25, 25, 0.4); color: rgb(102, 141, 163);\">test</span></p>','2020-02-27 08:04:45'),(956,71,4,'<p><span style=\"background-color: rgba(20, 25, 25, 0.4); color: rgb(102, 141, 163);\">test</span></p>','2020-02-27 08:04:48'),(957,71,4,'<p><span style=\"background-color: rgba(20, 25, 25, 0.4); color: rgb(102, 141, 163);\">test</span></p>','2020-02-27 08:04:51'),(958,71,4,'<p><span style=\"background-color: rgba(20, 25, 25, 0.4); color: rgb(102, 141, 163);\">test</span></p>','2020-02-27 08:04:54'),(959,71,4,'<p><span style=\"background-color: rgba(20, 25, 25, 0.4); color: rgb(102, 141, 163);\">test</span></p>','2020-02-27 08:04:58'),(960,71,4,'<p><span style=\"background-color: rgba(20, 25, 25, 0.4); color: rgb(102, 141, 163);\">test</span></p>','2020-02-27 08:05:01'),(961,71,4,'<p><span style=\"color: rgb(102, 141, 163); background-color: rgba(20, 25, 25, 0.4);\">test test</span></p>','2020-02-27 08:05:05'),(962,71,4,'<p><span style=\"background-color: rgba(20, 25, 25, 0.4); color: rgb(102, 141, 163);\">test</span></p>','2020-02-27 08:05:11'),(963,71,4,'<p><span style=\"background-color: rgba(20, 25, 25, 0.4); color: rgb(102, 141, 163);\">test</span></p>','2020-02-27 08:05:15'),(964,71,4,'<p><span style=\"background-color: rgba(20, 25, 25, 0.4); color: rgb(102, 141, 163);\">test</span></p>','2020-02-27 08:05:18'),(965,71,4,'<p><span style=\"background-color: rgba(20, 25, 25, 0.4); color: rgb(102, 141, 163);\">test</span></p>','2020-02-27 08:05:21'),(966,71,4,'<p><span style=\"background-color: rgba(20, 25, 25, 0.4); color: rgb(102, 141, 163);\">test</span></p>','2020-02-27 08:05:23'),(967,71,4,'<p><span style=\"background-color: rgba(20, 25, 25, 0.4); color: rgb(102, 141, 163);\">test</span></p>','2020-02-27 08:05:26'),(968,71,4,'<p><span style=\"background-color: rgba(20, 25, 25, 0.4); color: rgb(102, 141, 163);\">test</span></p>','2020-02-27 08:05:29'),(969,71,4,'<p><span style=\"background-color: rgba(20, 25, 25, 0.4); color: rgb(102, 141, 163);\">test</span></p>','2020-02-27 08:05:32'),(970,71,4,'<p><span style=\"color: rgb(102, 141, 163); background-color: rgba(20, 25, 25, 0.4);\">dur  dur</span></p>','2020-02-27 08:05:34'),(971,71,4,'<p><span style=\"color: rgb(102, 141, 163); background-color: rgba(20, 25, 25, 0.4);\">test</span></p>','2020-02-27 08:05:38'),(972,78,4,'<p>lol</p>','2020-02-29 15:59:26'),(973,71,6,'<p>Ok ok ok</p>','2020-03-01 18:14:29'),(974,71,6,'<p>Très bien ! </p>','2020-03-01 18:14:53'),(975,71,4,'<p>test</p>','2020-03-01 20:23:17'),(976,71,4,'<p>test</p>','2020-03-01 20:24:36'),(977,71,4,'<p>test</p>','2020-03-01 20:25:21'),(978,71,4,'<p>dqzdq</p>','2020-03-01 20:25:30'),(979,71,4,'<p>lol</p>','2020-03-01 20:25:35'),(980,71,4,'<p>tet</p>','2020-03-01 20:26:37'),(981,71,4,'<p>lol</p>','2020-03-01 20:26:45'),(982,71,4,'<p>dqzdqzdq</p>','2020-03-01 20:26:49'),(983,71,4,'<p>qzd</p>','2020-03-04 22:57:32'),(984,71,4,'<p>qzdqzdq</p>','2020-03-04 22:57:41'),(985,71,4,'<p>dqzdzqd</p>','2020-03-04 22:57:56'),(986,71,4,'<p>ddfdsfdsf</p>','2020-03-04 23:02:34'),(987,71,4,'<p>fsdfdsfs</p>','2020-03-04 23:02:48'),(988,71,4,'<p>dzqdzqd</p>','2020-03-04 23:20:50'),(989,71,4,'<p>hjbknl,m</p>','2020-03-05 00:00:07'),(990,71,4,'<p>hjvhvhj</p>','2020-03-05 00:00:43'),(991,71,4,'<p>loooooooooooooooool</p>','2020-03-05 00:01:03'),(992,71,4,'<p>dgxngfxbxfb</p>','2020-03-05 00:01:34'),(993,71,4,'<p>lolppplol</p>','2020-03-05 00:08:07'),(994,82,6,'<p><br></p><p>Quelqu\'un peut me dire ou trouver l\'armure s\'il vous plait ca urge ! J\'aime vraiment cette armure ! :)</p>','2020-03-07 22:44:55'),(1001,72,4,'<p>dqzd</p>','2020-03-07 23:17:43'),(1002,85,4,'<p>test</p>','2020-03-08 15:25:23'),(1003,86,4,'<p>ddqzdzqdq</p>','2020-03-08 15:28:33'),(1004,87,4,'<p>dqzdqzd</p>','2020-03-08 16:58:52'),(1005,88,4,'<p>re</p>','2020-03-08 17:24:20'),(1006,89,4,'<p><em>dzqddqz</em></p>','2020-03-08 17:32:48'),(1007,90,4,'<p>Un commentaire test</p>','2020-03-08 17:34:40'),(1008,90,4,'<p>test </p>','2020-03-08 17:46:16'),(1009,71,6,'<p>Super  LOOOOOOOOOL</p>','2020-03-08 19:28:53'),(1010,71,6,'<p>HEEEEEEEEEEYYYYYYYYYY</p>','2020-03-08 19:29:59'),(1011,71,4,'<p>dzqdq</p>','2020-03-08 19:37:57'),(1012,71,6,'<p>test</p>','2020-03-08 19:40:02'),(1013,71,6,'<p><br></p><p>test</p>','2020-03-08 19:42:42'),(1014,71,6,'<p>test test</p>','2020-03-08 20:07:54'),(1015,91,7,'<p>Bonjour, </p><p>	Comment faire une redirection en PHP?</p><p>Cordialement,</p><p>&lt;3</p>','2020-03-09 10:40:16'),(1016,91,4,'<p>Bonjour,</p><p><br></p><p>Alors pour faire une redirection tu peux utiliser la fonction header()</p>','2020-03-09 10:41:23'),(1017,91,7,'<h1><strong style=\"color: rgb(240, 102, 102);\"><em><u>oki merki staf mouah </u></em></strong></h1>','2020-03-09 10:42:58'),(1018,92,4,'<p>Bonjour je recherche des cours en php.</p>','2020-03-09 12:03:50'),(1019,92,7,'<p>Bonjour,</p><p>	Avez vous regardez ce site https://www.php.net/manual/fr/index.php ? ou sinon il y a les cours de openclaroom </p>','2020-03-09 12:05:01');
/*!40000 ALTER TABLE `post` ENABLE KEYS */;
UNLOCK TABLES;

--
-- Table structure for table `postControl`
--

DROP TABLE IF EXISTS `postControl`;
/*!40101 SET @saved_cs_client     = @@character_set_client */;
/*!40101 SET character_set_client = utf8 */;
CREATE TABLE `postControl` (
  `id` int(11) NOT NULL AUTO_INCREMENT,
  `user_id` int(11) DEFAULT NULL,
  `post_id` int(11) DEFAULT NULL,
  PRIMARY KEY (`id`),
  KEY `IDX_EB771631A76ED395` (`user_id`),
  KEY `IDX_EB7716314B89032C` (`post_id`),
  CONSTRAINT `FK_EB7716314B89032C` FOREIGN KEY (`post_id`) REFERENCES `post` (`id`),
  CONSTRAINT `FK_EB771631A76ED395` FOREIGN KEY (`user_id`) REFERENCES `user` (`id`)
) ENGINE=InnoDB AUTO_INCREMENT=45 DEFAULT CHARSET=utf8 COLLATE=utf8_unicode_ci;
/*!40101 SET character_set_client = @saved_cs_client */;

--
-- Dumping data for table `postControl`
--

LOCK TABLES `postControl` WRITE;
/*!40000 ALTER TABLE `postControl` DISABLE KEYS */;
INSERT INTO `postControl` VALUES (17,4,941),(24,4,949),(25,4,943),(26,4,944),(27,4,972),(29,4,970),(30,4,950),(34,4,993),(35,4,992),(38,4,971),(39,4,965),(40,4,961);
/*!40000 ALTER TABLE `postControl` ENABLE KEYS */;
UNLOCK TABLES;

--
-- Table structure for table `post_like`
--

DROP TABLE IF EXISTS `post_like`;
/*!40101 SET @saved_cs_client     = @@character_set_client */;
/*!40101 SET character_set_client = utf8 */;
CREATE TABLE `post_like` (
  `id` int(11) NOT NULL AUTO_INCREMENT,
  `post_id` int(11) DEFAULT NULL,
  `user_concerned_id` int(11) DEFAULT NULL,
  `user_who_liked_id` int(11) DEFAULT NULL,
  `post_like` tinyint(1) DEFAULT NULL,
  PRIMARY KEY (`id`),
  KEY `IDX_653627B84B89032C` (`post_id`),
  KEY `IDX_653627B860AD6A75` (`user_concerned_id`),
  KEY `IDX_653627B84B14B321` (`user_who_liked_id`),
  CONSTRAINT `FK_653627B84B14B321` FOREIGN KEY (`user_who_liked_id`) REFERENCES `user` (`id`),
  CONSTRAINT `FK_653627B84B89032C` FOREIGN KEY (`post_id`) REFERENCES `post` (`id`),
  CONSTRAINT `FK_653627B860AD6A75` FOREIGN KEY (`user_concerned_id`) REFERENCES `user` (`id`)
) ENGINE=InnoDB AUTO_INCREMENT=28 DEFAULT CHARSET=utf8 COLLATE=utf8_unicode_ci;
/*!40101 SET character_set_client = @saved_cs_client */;

--
-- Dumping data for table `post_like`
--

LOCK TABLES `post_like` WRITE;
/*!40000 ALTER TABLE `post_like` DISABLE KEYS */;
INSERT INTO `post_like` VALUES (13,940,4,4,0),(15,973,6,4,0),(16,974,6,4,1),(19,994,6,4,1),(21,1009,6,6,1),(22,1010,6,6,0),(25,1018,4,7,1),(26,951,4,4,1),(27,950,4,4,1);
/*!40000 ALTER TABLE `post_like` ENABLE KEYS */;
UNLOCK TABLES;

--
-- Table structure for table `section`
--

DROP TABLE IF EXISTS `section`;
/*!40101 SET @saved_cs_client     = @@character_set_client */;
/*!40101 SET character_set_client = utf8 */;
CREATE TABLE `section` (
  `id` int(11) NOT NULL AUTO_INCREMENT,
  `theme_id` int(11) DEFAULT NULL,
  `libelle` varchar(255) COLLATE utf8_unicode_ci NOT NULL,
  PRIMARY KEY (`id`),
  KEY `IDX_2D737AEF59027487` (`theme_id`),
  CONSTRAINT `FK_2D737AEF59027487` FOREIGN KEY (`theme_id`) REFERENCES `theme` (`id`)
) ENGINE=InnoDB AUTO_INCREMENT=29 DEFAULT CHARSET=utf8 COLLATE=utf8_unicode_ci;
/*!40101 SET character_set_client = @saved_cs_client */;

--
-- Dumping data for table `section`
--

LOCK TABLES `section` WRITE;
/*!40000 ALTER TABLE `section` DISABLE KEYS */;
INSERT INTO `section` VALUES (2,6,'C++'),(3,6,'PHP'),(4,6,'Javascript'),(5,6,'Java'),(7,6,'Windev'),(9,28,'Concours'),(10,28,'Nutrition'),(11,29,'Chambre'),(12,29,'Salle'),(13,29,'Salon'),(14,30,'Peinture'),(15,30,'Dessin'),(16,6,'TypeScript'),(17,6,'C'),(18,6,'Python'),(19,28,'Divers'),(28,42,'Algorithmie');
/*!40000 ALTER TABLE `section` ENABLE KEYS */;
UNLOCK TABLES;

--
-- Table structure for table `sujet`
--

DROP TABLE IF EXISTS `sujet`;
/*!40101 SET @saved_cs_client     = @@character_set_client */;
/*!40101 SET character_set_client = utf8 */;
CREATE TABLE `sujet` (
  `id` int(11) NOT NULL AUTO_INCREMENT,
  `user_id` int(11) DEFAULT NULL,
  `libelle` varchar(255) COLLATE utf8_unicode_ci NOT NULL,
  `theme_id` int(11) DEFAULT NULL,
  `section_id` int(11) DEFAULT NULL,
  `date` datetime NOT NULL,
  PRIMARY KEY (`id`),
  KEY `IDX_2E13599DA76ED395` (`user_id`),
  KEY `IDX_2E13599D59027487` (`theme_id`),
  KEY `IDX_2E13599DD823E37A` (`section_id`),
  CONSTRAINT `FK_2E13599D59027487` FOREIGN KEY (`theme_id`) REFERENCES `theme` (`id`),
  CONSTRAINT `FK_2E13599DA76ED395` FOREIGN KEY (`user_id`) REFERENCES `user` (`id`),
  CONSTRAINT `FK_2E13599DD823E37A` FOREIGN KEY (`section_id`) REFERENCES `section` (`id`)
) ENGINE=InnoDB AUTO_INCREMENT=93 DEFAULT CHARSET=utf8 COLLATE=utf8_unicode_ci;
/*!40101 SET character_set_client = @saved_cs_client */;

--
-- Dumping data for table `sujet`
--

LOCK TABLES `sujet` WRITE;
/*!40000 ALTER TABLE `sujet` DISABLE KEYS */;
INSERT INTO `sujet` VALUES (71,4,'plus de commentaire ',7,NULL,'2020-02-03 18:55:47'),(72,4,'test',11,NULL,'2020-02-03 20:51:59'),(73,4,'dsqds',28,9,'2020-02-04 22:04:45'),(74,4,'dqzdqzd',28,10,'2020-02-04 22:05:12'),(75,4,'dqzdqd',31,NULL,'2020-02-04 22:05:44'),(76,4,'dqzdqz',30,14,'2020-02-04 22:05:59'),(77,4,'test',7,NULL,'2020-02-16 13:42:36'),(78,4,'Rfhdhdyejejirveyjdzh',7,NULL,'2020-02-16 23:11:27'),(79,6,'THE WITCHER',13,NULL,'2020-03-07 22:28:51'),(80,6,'Witcher armure ours',13,NULL,'2020-03-07 22:34:15'),(81,6,'nnnnn nnnn nnnn nnn nnn nnn nn nn n',13,NULL,'2020-03-07 22:36:28'),(82,6,'The witcher armure de la vipére',13,NULL,'2020-03-07 22:41:41'),(83,4,'reeeeeee',7,NULL,'2020-03-08 15:18:46'),(84,4,'dqzdqzdqz',7,NULL,'2020-03-08 15:19:55'),(85,4,'dqzdqzdq',7,NULL,'2020-03-08 15:25:22'),(86,4,'hiiiii',7,NULL,'2020-03-08 15:28:32'),(87,4,'dqdz',7,NULL,'2020-03-08 16:58:51'),(88,4,'rere',7,NULL,'2020-03-08 17:24:19'),(89,4,'dzqdzqdzq',7,NULL,'2020-03-08 17:32:47'),(90,4,'  Nouveau sujet Nouveau titre',7,NULL,'2020-03-08 17:34:39'),(91,7,'Comment faire une redirection en PHP?',6,3,'2020-03-09 10:40:15'),(92,4,'Comment développer en php ?',6,3,'2020-03-09 12:03:49');
/*!40000 ALTER TABLE `sujet` ENABLE KEYS */;
UNLOCK TABLES;

--
-- Table structure for table `theme`
--

DROP TABLE IF EXISTS `theme`;
/*!40101 SET @saved_cs_client     = @@character_set_client */;
/*!40101 SET character_set_client = utf8 */;
CREATE TABLE `theme` (
  `id` int(11) NOT NULL AUTO_INCREMENT,
  `univers_id` int(11) DEFAULT NULL,
  `libelle` varchar(255) COLLATE utf8_unicode_ci NOT NULL,
  `subdivise` tinyint(1) NOT NULL,
  PRIMARY KEY (`id`),
  UNIQUE KEY `UNIQ_9775E708A4D60759` (`libelle`),
  KEY `IDX_9775E7081CF61C0B` (`univers_id`),
  CONSTRAINT `FK_9775E7081CF61C0B` FOREIGN KEY (`univers_id`) REFERENCES `univers` (`id`)
) ENGINE=InnoDB AUTO_INCREMENT=48 DEFAULT CHARSET=utf8 COLLATE=utf8_unicode_ci;
/*!40101 SET character_set_client = @saved_cs_client */;

--
-- Dumping data for table `theme`
--

LOCK TABLES `theme` WRITE;
/*!40000 ALTER TABLE `theme` DISABLE KEYS */;
INSERT INTO `theme` VALUES (6,5,'Développement',1),(7,5,'Réseau',0),(11,6,'PC',0),(12,6,'PS4',0),(13,6,'Xbox One',0),(14,6,'Switch',0),(15,5,'Matériel',0),(27,6,'Guerre des consoles',0),(28,13,'Musculation',1),(29,14,'Décoration',1),(30,14,'Arts',1),(31,14,'Chasse',0),(32,14,'Pêche',0),(33,NULL,'test test',1),(42,33,'Mathématiques',1),(43,33,'Anglais',0),(44,33,'Français',0),(45,13,'Tennis',0),(46,13,'Football',0),(47,13,'Basketball',0);
/*!40000 ALTER TABLE `theme` ENABLE KEYS */;
UNLOCK TABLES;

--
-- Table structure for table `univers`
--

DROP TABLE IF EXISTS `univers`;
/*!40101 SET @saved_cs_client     = @@character_set_client */;
/*!40101 SET character_set_client = utf8 */;
CREATE TABLE `univers` (
  `id` int(11) NOT NULL AUTO_INCREMENT,
  `libelle` varchar(255) COLLATE utf8_unicode_ci NOT NULL,
  PRIMARY KEY (`id`),
  UNIQUE KEY `UNIQ_51AD969DA4D60759` (`libelle`)
) ENGINE=InnoDB AUTO_INCREMENT=34 DEFAULT CHARSET=utf8 COLLATE=utf8_unicode_ci;
/*!40101 SET character_set_client = @saved_cs_client */;

--
-- Dumping data for table `univers`
--

LOCK TABLES `univers` WRITE;
/*!40000 ALTER TABLE `univers` DISABLE KEYS */;
INSERT INTO `univers` VALUES (33,'Cours'),(5,'Informatique'),(6,'Jeux vidéo'),(14,'Loisir divers'),(13,'Sport');
/*!40000 ALTER TABLE `univers` ENABLE KEYS */;
UNLOCK TABLES;

--
-- Table structure for table `user`
--

DROP TABLE IF EXISTS `user`;
/*!40101 SET @saved_cs_client     = @@character_set_client */;
/*!40101 SET character_set_client = utf8 */;
CREATE TABLE `user` (
  `id` int(11) NOT NULL AUTO_INCREMENT,
  `firstname` varchar(255) COLLATE utf8_unicode_ci NOT NULL,
  `lastname` varchar(255) COLLATE utf8_unicode_ci NOT NULL,
  `username` varchar(255) COLLATE utf8_unicode_ci DEFAULT NULL,
  `email` varchar(255) COLLATE utf8_unicode_ci NOT NULL,
  `password` varchar(255) COLLATE utf8_unicode_ci NOT NULL,
  `isActive` tinyint(1) NOT NULL,
  `lastActivity` datetime DEFAULT NULL,
  `roles` longtext COLLATE utf8_unicode_ci NOT NULL COMMENT '(DC2Type:array)',
  `registerKey` varchar(255) COLLATE utf8_unicode_ci DEFAULT NULL,
  `activityUnivers` tinyint(1) DEFAULT NULL,
  `activityTheme` tinyint(1) DEFAULT NULL,
  `activityLike` tinyint(1) DEFAULT NULL,
  PRIMARY KEY (`id`),
  UNIQUE KEY `UNIQ_8D93D649E7927C74` (`email`),
  UNIQUE KEY `UNIQ_8D93D649F85E0677` (`username`)
) ENGINE=InnoDB AUTO_INCREMENT=8 DEFAULT CHARSET=utf8 COLLATE=utf8_unicode_ci;
/*!40101 SET character_set_client = @saved_cs_client */;

--
-- Dumping data for table `user`
--

LOCK TABLES `user` WRITE;
/*!40000 ALTER TABLE `user` DISABLE KEYS */;
INSERT INTO `user` VALUES (4,'CHU VAN','Jimmy','Sauron','sauronlemaudit@gmail.com','$2y$13$Ndjfy0dHE6vfWCFBrSlpSuQRxzzSZML978JvmVo.6lb.iAn4Rq5AG',1,NULL,'a:1:{i:0;s:10:\"ROLE_ADMIN\";}',NULL,1,1,1),(5,'test','test','test','test@test.test','$2y$13$TSM.btVahwuRoQK.ctoEye1BgIVLeCtiWk9aFcU7WkrqPoIE1Upku',0,NULL,'a:1:{i:0;s:9:\"ROLE_USER\";}',NULL,0,0,0),(6,'CABOCHETTE','Coralie','NepTuLia','neptunej@live.fr','$2y$13$uS8E4MkChdVC9LiFAFamzuEQMsVg/EsQ966TNsy8.XFcDYHB7IqAa',1,NULL,'a:1:{i:0;s:9:\"ROLE_USER\";}',NULL,1,1,1),(7,'Rico','José','Taybe','shuda.t80@gmail.com','$2y$13$aZgtxLzsADPkbuo3qkvi5uZWSTd0.SQJ3qXiMmNG60TCD27T/lptW',1,NULL,'a:1:{i:0;s:9:\"ROLE_USER\";}',NULL,NULL,NULL,NULL);
/*!40000 ALTER TABLE `user` ENABLE KEYS */;
UNLOCK TABLES;
/*!40103 SET TIME_ZONE=@OLD_TIME_ZONE */;

/*!40101 SET SQL_MODE=@OLD_SQL_MODE */;
/*!40014 SET FOREIGN_KEY_CHECKS=@OLD_FOREIGN_KEY_CHECKS */;
/*!40014 SET UNIQUE_CHECKS=@OLD_UNIQUE_CHECKS */;
/*!40101 SET CHARACTER_SET_CLIENT=@OLD_CHARACTER_SET_CLIENT */;
/*!40101 SET CHARACTER_SET_RESULTS=@OLD_CHARACTER_SET_RESULTS */;
/*!40101 SET COLLATION_CONNECTION=@OLD_COLLATION_CONNECTION */;
/*!40111 SET SQL_NOTES=@OLD_SQL_NOTES */;

-- Dump completed on 2020-03-11 22:17:56
